Workbook

Sheet Cover
B2: MUSIC DOWNLOADER
B4: BÁO CÁO TEST CASE - AUTOMATION TEST (Appium / Java / TestNG)
B6: Ứng dụng | C6: Music Downloader (Android)
B7: Thiết bị kiểm thử | C7: Oppo Pad Neo - Android 14 (1720 x 2408)
B8: Công cụ | C8: Appium 2.x, Java 21, TestNG, ExtentReports
B9: Mô hình | C9: Page Object Model (POM)
B10: Tổng số chức năng | C10: 8
B11: Tổng số test class | C11: 47
B12: Tổng số test case | C12: 255
B13: Ngày cập nhật | C13: 2026-06-10
B15: QUY ƯỚC
B16: Priority | C16: High = quan trọng (business rule, E2E, play controls) · Medium = chính · Low = phụ
B17: Type | C17: UI = hiển thị · Functional = chức năng · Negative = ca lỗi/biên · E2E = luồng đầu-cuối
B18: Status | C18: Pass · Fail · Blocked · Not Run (mặc định để QA cập nhật khi chạy)
B19: Ghi chú | C19: DESTRUCTIVE = thao tác xóa dữ liệu · Business rule = quy tắc giới hạn share 10 bài

Sheet Test Cases
A1: STT | B1: Test Case ID | C1: Chức năng | D1: Test Suite (Class) | E1: Tên / Mục đích Test Case | F1: Loại | G1: Ưu tiên | H1: Kết quả mong đợi | I1: Trạng thái | J1: Ghi chú
A2: 1 | B2: TC_HOME_001 | C2: Home | D2: Home01_Verify_App_Launched | E2: Khởi động app và bỏ qua quảng cáo thành công | F2: Functional | G2: High | H2: App mở được Home, không bị kẹt ở màn quảng cáo | I2: Not Run
A3: 2 | B3: TC_HOME_002 | C3: Home | D3: Home02_Verify_Bypass_Ad_After_Interaction | E3: Tự động bỏ qua quảng cáo bung giữa phiên và chạy tiếp | F3: Functional | G3: High | H3: Quảng cáo bị đóng tự động, app tiếp tục hoạt động | I3: Not Run
A4: 3 | B4: TC_HOME_003 | C4: Home | D4: Home03_Verify_UI_Display | E4: Hiển thị tiêu đề Home | F4: UI | G4: Medium | H4: Tiêu đề 'Home' hiển thị đúng | I4: Not Run
A5: 4 | B5: TC_HOME_004 | C5: Home | D5: Home03_Verify_UI_Display | E5: Hiển thị icon hamburger menu | F5: UI | G5: Medium | H5: Icon menu (góc trái) hiển thị | I5: Not Run
A6: 5 | B6: TC_HOME_005 | C6: Home | D6: Home03_Verify_UI_Display | E6: Hiển thị icon tìm kiếm góc phải | F6: UI | G6: Medium | H6: Icon search (góc phải) hiển thị | I6: Not Run
A7: 6 | B7: TC_HOME_006 | C7: Home | D7: Home03_Verify_UI_Display | E7: Hiển thị thanh search với placeholder | F7: UI | G7: Medium | H7: Thanh 'Search music online...' hiển thị đúng placeholder | I7: Not Run
A8: 7 | B8: TC_HOME_007 | C8: Home | D8: Home03_Verify_UI_Display | E8: Hiển thị 4 nút Quick Action | F8: UI | G8: Medium | H8: 4 nút Downloaded / Sleep timer / Rate us / Settings hiển thị | I8: Not Run
A9: 8 | B9: TC_HOME_008 | C9: Home | D9: Home03_Verify_UI_Display | E9: Hiển thị Mini Player | F9: UI | G9: Medium | H9: Mini player hiển thị khi có bài đang phát | I9: Not Run
A10: 9 | B10: TC_HOME_009 | C10: Home | D10: Home03_Verify_UI_Display | E10: Hiển thị Bottom Navigation 5 tab | F10: UI | G10: Medium | H10: Bottom nav có đủ 5 tab Home/Tracks/Artists/Albums/Playlists | I10: Not Run
A11: 10 | B11: TC_HOME_010 | C11: Home | D11: Home03_Verify_UI_Display | E11: Hiển thị tổng thể màn Home | F11: UI | G11: Medium | H11: Toàn bộ thành phần Home hiển thị đầy đủ, đúng bố cục | I11: Not Run
A12: 11 | B12: TC_HOME_011 | C12: Home | D12: Home04_Verify_Quick_Actions | E12: Click thanh search mở màn Search | F12: Functional | G12: Medium | H12: Chuyển sang màn Search music online | I12: Not Run
A13: 12 | B13: TC_HOME_012 | C13: Home | D13: Home04_Verify_Quick_Actions | E13: Click icon search góc phải mở Search In Library | F13: Functional | G13: Medium | H13: Chuyển sang màn Search In Library | I13: Not Run
... A30: 29 | B30: TC_HOME_029 | C30: Home | D30: Home06_Verify_Exit_Dialog | E30: Bấm Cancel trên exit dialog ở lại Home | F30: Functional | G30: Medium | H30: Dialog đóng, app vẫn ở Home | I30: Not Run
A31: 30 | B31: TC_HOME_030 | C31: Home | D31: Home06_Verify_Exit_Dialog | E31: Bấm Exit trên exit dialog thoát app | F31: Functional | G31: Low | H31: App đóng hoàn toàn | I31: Not Run | J31: DESTRUCTIVE
A32: 31 | B32: TC_DL_001 | C32: Search Online (Download) | D32: Search01_Verify_Navigation | E32: Click thanh search chuyển sang màn Search | F32: Functional | G32: Medium | H32: Mở màn Search music online | I32: Not Run
A33: 32 | B33: TC_DL_002 | C33: Search Online (Download) | D33: Search01_Verify_Navigation | E33: Vào Search bàn phím hiện để nhập | F33: Functional | G33: Low | H33: Bàn phím tự bật khi vào màn Search | I33: Not Run
A34: 33 | B34: TC_DL_003 | C34: Search Online (Download) | D34: Search01_Verify_Navigation | E34: Click icon search góc phải chuyển sang màn Search | F34: Functional | G34: Medium | H34: Mở màn Search từ icon góc phải | I34: Not Run
A35: 34 | B35: TC_DL_004 | C35: Search Online (Download) | D35: Search01_Verify_Navigation | E35: Nhấn BACK từ Search ẩn bàn phím rồi về Home | F35: Functional | G35: Medium | H35: Ẩn bàn phím, sau đó quay về Home | I35: Not Run
A36: 35 | B36: TC_DL_005 | C36: Search Online (Download) | D36: Search02_Verify_Input_And_Suggestions | E36: Gõ ký tự hiển thị danh sách gợi ý | F36: Functional | G36: Medium | H36: Danh sách suggestions hiển thị theo từ khóa | I36: Not Run
A37: 36 | B37: TC_DL_006 | C37: Search Online (Download) | D37: Search02_Verify_Input_And_Suggestions | E37: Gợi ý cập nhật theo từng ký tự nhập thêm | F37: Functional | G37: Medium | H37: Suggestions thay đổi real-time theo input | I37: Not Run
A38: 37 | B38: TC_DL_007 | C38: Search Online (Download) | D38: Search02_Verify_Input_And_Suggestions | E38: Click icon push trong gợi ý chỉ fill textbox không search | F38: Functional | G38: Medium | H38: Từ khóa được điền vào ô tìm kiếm, chưa search | I38: Not Run
A39: 38 | B39: TC_DL_008 | C39: Search Online (Download) | D39: Search02_Verify_Input_And_Suggestions | E39: Clear textbox xóa nội dung tìm kiếm | F39: Functional | G39: Low | H39: Ô tìm kiếm trống sau khi clear | I39: Not Run
A40: 39 | B40: TC_DL_009 | C40: Search Online (Download) | D40: Search02_Verify_Input_And_Suggestions | E40: Query rỗng không trigger search | F40: Negative | G40: Medium | H40: Không có kết quả khi query rỗng | I40: Not Run
A41: 40 | B41: TC_DL_010 | C41: Search Online (Download) | D41: Search02_Verify_Input_And_Suggestions | E41: Click text gợi ý trigger search ra kết quả | F41: Functional | G41: Medium | H41: Hiển thị danh sách kết quả tìm kiếm | I41: Not Run
A42: 41 | B42: TC_DL_011 | C42: Search Online (Download) | D42: Search03_Verify_Results_And_Download | E42: Search query hợp lệ trả về kết quả | F42: Functional | G42: High | H42: Có danh sách kết quả tracks | I42: Not Run
A43: 42 | B43: TC_DL_012 | C43: Search Online (Download) | D43: Search03_Verify_Results_And_Download | E43: Danh sách kết quả hiển thị nhiều tracks | F43: Functional | G43: Medium | H43: Hiển thị tối thiểu 3 tracks | I43: Not Run
... A121: 120 | B121: TC_TRK_047 | C121: Tracks | D121: Tracks05_Verify_Edit_Actions | E121: Delete CANCEL số track không đổi | F121: Functional | G121: Medium | H121: Số lượng track giữ nguyên sau Cancel | I121: Not Run
A122: 121 | B122: TC_TRK_048 | C122: Tracks | D122: Tracks05_Verify_Edit_Actions | E122: Delete thật số track giảm | F122: Functional | G122: High | H122: Track bị xóa, tổng số giảm | I122: Not Run | J122: DESTRUCTIVE
A123: 122 | B123: TC_TRK_049 | C123: Tracks | D123: Tracks06_Verify_Player_Screens | E123: Play Now layout, SeekBar, time hiện tại/tổng, duration M:SS | F123: UI | G123: Medium | H123: Màn Play Now hiển thị đầy đủ, đúng định dạng | I123: Not Run
A124: 123 | B124: TC_TRK_050 | C124: Tracks | D124: Tracks06_Verify_Player_Screens | E124: Controls toggle - Play/Pause, Shuffle, Repeat 3 trạng thái, Heart | F124: Functional | G124: High | H124: Các nút điều khiển toggle đúng | I124: Not Run
A125: 124 | B125: TC_TRK_051 | C125: Tracks | D125: Tracks06_Verify_Player_Screens | E125: Nút Next chuyển bài sau | F125: Functional | G125: High | H125: Chuyển sang bài kế tiếp | I125: Not Run
A126: 125 | B126: TC_TRK_052 | C126: Tracks | D126: Tracks06_Verify_Player_Screens | E126: Nút Previous reset playback | F126: Functional | G126: High | H126: Quay về bài trước / reset bài hiện tại | I126: Not Run
A127: 126 | B127: TC_TRK_053 | C127: Tracks | D127: Tracks06_Verify_Player_Screens | E127: SeekBar drag và tap nhảy vị trí | F127: Functional | G127: Medium | H127: Tua đúng vị trí khi kéo/chạm | I127: Not Run
A128: 127 | B128: TC_TRK_054 | C128: Tracks | D128: Tracks06_Verify_Player_Screens | E128: Icon Add to playlist mở dialog | F128: Functional | G128: Medium | H128: Mở dialog Add to playlist | I128: Not Run
A129: 128 | B129: TC_TRK_055 | C129: Tracks | D129: Tracks06_Verify_Player_Screens | E129: Icon Equalizer mở equalizer | F129: Functional | G129: Medium | H129: Mở equalizer (hệ thống/in-app) | I129: Not Run
A130: 129 | B130: TC_TRK_056 | C130: Tracks | D130: Tracks06_Verify_Player_Screens | E130: Icon Sleep timer mở sleep timer dialog | F130: Functional | G130: Medium | H130: Mở Sleep timer dialog | I130: Not Run
A131: 130 | B131: TC_TRK_057 | C131: Tracks | D131: Tracks06_Verify_Player_Screens | E131: Menu 3 chấm mở edit sheet | F131: Functional | G131: Medium | H131: Mở edit sheet từ Play Now | I131: Not Run
A132: 131 | B132: TC_TRK_058 | C132: Tracks | D132: Tracks06_Verify_Player_Screens | E132: Icon Queue mở Playing Queue, click item phát | F132: Functional | G132: Medium | H132: Mở queue, chọn bài phát đúng | I132: Not Run
A133: 132 | B133: TC_TRK_059 | C133: Tracks | D133: Tracks06_Verify_Player_Screens | E133: Down arrow/Back đóng Play Now, bài vẫn phát | F133: Functional | G133: Medium | H133: Đóng Play Now, nhạc tiếp tục | I133: Not Run
A134: 133 | B134: TC_TRK_060 | C134: Tracks | D134: Tracks07_Verify_Queue_Advanced | E134: Playing Queue vị trí bài đang phát, header Shuffle/Repeat toggle, mini player | F134: UI | G134: Medium | H134: Queue hiển thị đúng vị trí + điều khiển | I134: Not Run
A135: 134 | B135: TC_TRK_061 | C135: Tracks | D135: Tracks07_Verify_Queue_Advanced | E135: Remove from queue count giảm 1 | F135: Functional | G135: Medium | H135: Bài bị xóa khỏi queue, count giảm 1 | I135: Not Run
A136: 135 | B136: TC_TRK_062 | C136: Tracks | D136: Tracks07_Verify_Queue_Advanced | E136: Clear queue (trash) | F136: Functional | G136: Medium | H136: Xóa toàn bộ queue | I136: Not Run | J136: DESTRUCTIVE
A137: 136 | B137: TC_TRK_063 | C137: Tracks | D137: Tracks08_Verify_Select_Mode | E137: Select mode - 4 action, label, chọn thêm item tăng count, select all | F137: Functional | G137: Medium | H137: Chế độ chọn hoạt động đúng | I137: Not Run
A138: 137 | B138: TC_TRK_064 | C138: Tracks | D138: Tracks08_Verify_Select_Mode | E138: Thoát select mode về Tracks | F138: Functional | G138: Medium | H138: Quay lại màn Tracks bình thường | I138: Not Run
A139: 138 | B139: TC_TRK_065 | C139: Tracks | D139: Tracks08_Verify_Select_Mode | E139: Select và Add to queue | F139: Functional | G139: Medium | H139: Thêm các bài đã chọn vào queue | I139: Not Run
A140: 139 | B140: TC_TRK_066 | C140: Tracks | D140: Tracks08_Verify_Select_Mode | E140: Select và Delete file số track giảm | F140: Functional | G140: High | H140: Xóa các bài đã chọn, tổng giảm | I140: Not Run | J140: DESTRUCTIVE
A141: 140 | B141: TC_TRK_067 | C141: Tracks | D141: Tracks08_Verify_Select_Mode | E141: Select Delete popup hệ thống xin quyền, Deny hủy | F141: Functional | G141: Medium | H141: Dialog xin quyền hiện, Deny hủy thao tác | I141: Not Run
A142: 141 | B142: TC_ART_001 | C142: Artists | D142: Artists01_Verify_UI_Display | E142: Header có tiêu đề 'Artists' và sort button | F142: UI | G142: Medium | H142: Header hiển thị đúng title + sort | I142: Not Run
A143: 142 | B143: TC_ART_002 | C143: Artists | D143: Artists01_Verify_UI_Display | E143: Count 'N artists' hiển thị | F143: UI | G143: Medium | H143: Số lượng artist hiển thị đúng | I143: Not Run
A144: 143 | B144: TC_ART_003 | C144: Artists | D144: Artists01_Verify_UI_Display | E144: Artist card có name và track count | F144: UI | G144: Medium | H144: Card hiển thị tên + số tracks | I144: Not Run
A145: 144 | B145: TC_ART_004 | C145: Artists | D145: Artists01_Verify_UI_Display | E145: Unknown artist có tất cả tracks | F145: UI | G145: Medium | H145: Artist <unknown> gồm toàn bộ tracks | I145: Not Run
A146: 145 | B146: TC_ART_005 | C146: Artists | D146: Artists01_Verify_UI_Display | E146: Bottom nav có tab Artists | F146: UI | G146: Medium | H146: Tab Artists hiển thị ở bottom nav | I146: Not Run
A147: 146 | B147: TC_ART_006 | C147: Artists | D147: Artists01_Verify_UI_Display | E147: Mini player hiển thị sau khi phát qua artist edit Play | F147: UI | G147: Medium | H147: Mini player xuất hiện khi phát | I147: Not Run
A148: 147 | B148: TC_ART_007 | C148: Artists | D148: Artists02_Verify_Navigation | E148: Click artist mở màn Artist Detail | F148: Functional | G148: Medium | H148: Chuyển sang màn chi tiết artist | I148: Not Run
A149: 148 | B149: TC_ART_008 | C149: Artists | D149: Artists02_Verify_Navigation | E149: Artist Detail có header, back và 3 chấm | F149: UI | G149: Medium | H149: Header chi tiết hiển thị đầy đủ | I149: Not Run
A150: 149 | B150: TC_ART_009 | C150: Artists | D150: Artists02_Verify_Navigation | E150: Artist Detail hero có name và N songs | F150: UI | G150: Medium | H150: Hero hiển thị tên + số bài | I150: Not Run
A151: 150 | B151: TC_ART_010 | C151: Artists | D151: Artists02_Verify_Navigation | E151: Artist Detail có Play all và Shuffle | F151: UI | G151: Medium | H151: Hai nút Play all/Shuffle hiển thị | I151: Not Run
A152: 151 | B152: TC_ART_011 | C152: Artists | D152: Artists02_Verify_Navigation | E152: Artist Detail có section Albums và Tracks | F152: UI | G152: Medium | H152: Hai section Albums + Tracks hiển thị | I152: Not Run
... A166: 165 | B166: TC_ART_025 | C166: Artists | D166: Artists04_Verify_Edit_Actions | E166: Add artist to My Favorite tất cả songs vào playlist | F166: Functional | G166: Medium | H166: Toàn bộ bài thêm vào My Favorite | I166: Not Run
A167: 166 | B167: TC_ART_026 | C167: Artists | D167: Artists05_Verify_Share_With_Limit | E167: Share artist <unknown> (382 bài) trên 10 - bị chặn | F167: Negative | G167: High | H167: Sheet đóng + toast, không mở share resolver | I167: Not Run | J167: Business rule
A168: 167 | B168: TC_ART_027 | C168: Artists | D168: Artists05_Verify_Share_With_Limit | E168: Share folder Music Download (31 bài) trên 10 - bị chặn | F168: Negative | G168: High | H168: Sheet đóng + toast, không mở share | I168: Not Run | J168: Business rule
A169: 168 | B169: TC_ART_028 | C169: Artists | D169: Artists05_Verify_Share_With_Limit | E169: Share folder VoiceChanger (341 bài) trên 10 - bị chặn | F169: Negative | G169: High | H169: Sheet đóng + toast, không mở share | I169: Not Run | J169: Business rule
A170: 169 | B170: TC_ART_029 | C170: Artists | D170: Artists05_Verify_Share_With_Limit | E170: Share folder Notifications (1 bài) dưới 10 - thành công | F170: Functional | G170: High | H170: Mở Android share resolver | I170: Not Run | J170: Business rule
A171: 170 | B171: TC_ART_030 | C171: Artists | D171: Artists05_Verify_Share_With_Limit | E171: Share folder BrowserDownloader (5 bài) dưới 10 - thành công | F171: Functional | G171: High | H171: Mở Android share resolver | I171: Not Run | J171: Business rule
A172: 171 | B172: TC_ART_031 | C172: Artists | D172: Artists05_Verify_Share_With_Limit | E172: Share folder RecoveredAudios (4 bài) dưới 10 - thành công | F172: Functional | G172: High | H172: Mở Android share resolver | I172: Not Run | J172: Business rule
A173: 172 | B173: TC_ART_032 | C173: Artists | D173: Artists05_Verify_Share_With_Limit | E173: Share 1 track từ tracks list luôn thành công | F173: Functional | G173: Medium | H173: Mở share resolver (1 file < 10) | I173: Not Run | J173: Business rule
A174: 173 | B174: TC_ART_033 | C174: Artists | D174: Artists05_Verify_Share_With_Limit | E174: Cancel share intent quay về app | F174: Functional | G174: Medium | H174: Đóng share, trở lại app | I174: Not Run
A175: 174 | B175: TC_ART_034 | C175: Artists | D175: Artists06_Verify_Album_Folders | E175: Section Albums hiển thị các folder | F175: UI | G175: Medium | H175: Các folder album hiển thị trong section | I175: Not Run
A176: 175 | B176: TC_ART_035 | C176: Artists | D176: Artists06_Verify_Album_Folders | E176: Click folder Music Download mở màn folder | F176: Functional | G176: Medium | H176: Mở màn chi tiết folder | I176: Not Run
A177: 176 | B177: TC_ART_036 | C177: Artists | D177: Artists06_Verify_Album_Folders | E177: Folder hero có N songs | F177: UI | G177: Medium | H177: Hero folder hiển thị số bài | I177: Not Run
A178: 177 | B178: TC_ART_037 | C178: Artists | D178: Artists06_Verify_Album_Folders | E178: Play all trong folder phát bài đầu folder | F178: Functional | G178: Medium | H178: Phát bài đầu tiên của folder | I178: Not Run
A179: 178 | B179: TC_ART_038 | C179: Artists | D179: Artists06_Verify_Album_Folders | E179: Tracks trong folder chỉ gồm bài của folder đó | F179: Functional | G179: Medium | H179: Danh sách chỉ chứa bài thuộc folder | I179: Not Run
A180: 179 | B180: TC_ART_039 | C180: Artists | D180: Artists06_Verify_Album_Folders | E180: Back từ folder về Artist Detail | F180: Functional | G180: Medium | H180: Quay lại màn chi tiết artist | I180: Not Run
A181: 180 | B181: TC_ART_040 | C181: Artists | D181: Artists06_Verify_Album_Folders | E181: Shuffle trong folder phát random từ folder | F181: Functional | G181: Medium | H181: Phát ngẫu nhiên bài trong folder | I181: Not Run
A182: 181 | B182: TC_ART_041 | C182: Artists | D182: Artists06_Verify_Album_Folders | E182: Folder 3 chấm mở edit sheet 4 action, share theo limit | F182: Functional | G182: Medium | H182: Sheet folder 4 action, share áp dụng giới hạn 10 | I182: Not Run | J182: Business rule
A183: 182 | B183: TC_ART_042 | C183: Artists | D183: Artists06_Verify_Album_Folders | E183: Mini player hoạt động trong folder | F183: Functional | G183: Low | H183: Mini player phát đúng trong folder | I183: Not Run
A184: 183 | B184: TC_ART_043 | C184: Artists | D184: Artists07_Verify_Detail_Edit_Sheet | E184: Click 3 chấm trên Artist Detail mở edit sheet | F184: Functional | G184: Medium | H184: Edit sheet mở từ Artist Detail | I184: Not Run
A185: 184 | B185: TC_ART_044 | C185: Artists | D185: Artists07_Verify_Detail_Edit_Sheet | E185: Edit sheet detail có 4 action (không Rename/Delete) | F185: UI | G185: Medium | H185: Sheet detail chỉ có 4 action | I185: Not Run
A186: 185 | B186: TC_ART_045 | C186: Artists | D186: Artists07_Verify_Detail_Edit_Sheet | E186: Sheet detail hiển thị đúng artist info | F186: UI | G186: Medium | H186: Header sheet hiện đúng tên + số bài | I186: Not Run
A187: 186 | B187: TC_ART_046 | C187: Artists | D187: Artists07_Verify_Detail_Edit_Sheet | E187: Sheet detail đóng bằng Scrim và BACK | F187: Functional | G187: Medium | H187: Sheet đóng đúng với cả 2 cách | I187: Not Run
A188: 187 | B188: TC_ALB_001 | C188: Albums | D188: Albums01_Verify_UI_Display | E188: Header 'Albums', count, sort button và bottom nav hiển thị | F188: UI | G188: Medium | H188: Toàn bộ thành phần header Albums hiển thị | I188: Not Run
A189: 188 | B189: TC_ALB_002 | C189: Albums | D189: Albums01_Verify_UI_Display | E189: Count 'N albums' lớn hơn 0 và album card có name + track count | F189: UI | G189: Medium | H189: Album cards hiển thị tên + số tracks | I189: Not Run
A190: 189 | B190: TC_ALB_003 | C190: Albums | D190: Albums01_Verify_UI_Display | E190: Album count khớp với số card hiển thị | F190: UI | G190: Low | H190: Số đếm khớp số card thực tế | I190: Not Run
A191: 190 | B191: TC_ALB_004 | C191: Albums | D191: Albums02_Verify_Navigation | E191: Click album mở Album Detail (name + N songs) | F191: Functional | G191: Medium | H191: Mở màn chi tiết album | I191: Not Run
A192: 191 | B192: TC_ALB_005 | C192: Albums | D192: Albums02_Verify_Navigation | E192: Album Detail UI - header, hero, play/shuffle, tracks section | F192: UI | G192: Medium | H192: Toàn bộ UI Album Detail hiển thị đúng | I192: Not Run
A193: 192 | B193: TC_ALB_006 | C193: Albums | D193: Albums02_Verify_Navigation | E193: Back từ Album Detail về Albums | F193: Functional | G193: Medium | H193: Quay lại màn Albums | I193: Not Run
A194: 193 | B194: TC_ALB_007 | C194: Albums | D194: Albums03_Verify_Sort | E194: Album sort dialog mở, có option Title, đóng bằng Scrim | F194: Functional | G194: Medium | H194: Dialog sort album mở/đóng đúng | I194: Not Run
... A202: 201 | B202: TC_ALB_015 | C202: Albums | D202: Albums04_Verify_Edit_Sheet | E202: Add to playlist mở dialog | F202: Functional | G202: Medium | H202: Mở dialog Add to playlist | I202: Not Run
A203: 202 | B203: TC_ALB_016 | C203: Albums | D203: Albums05_Verify_Share_With_Limit | E203: Share Music Download (34 bài) trên 10 - bị chặn | F203: Negative | G203: High | H203: Sheet đóng + toast, vẫn ở app | I203: Not Run | J203: Business rule
A204: 203 | B204: TC_ALB_017 | C204: Albums | D204: Albums05_Verify_Share_With_Limit | E204: Share VoiceChanger (333 bài) trên 10 - bị chặn | F204: Negative | G204: High | H204: Sheet đóng + toast, vẫn ở app | I204: Not Run | J204: Business rule
A205: 204 | B205: TC_ALB_018 | C205: Albums | D205: Albums05_Verify_Share_With_Limit | E205: Share Notifications (1 bài) dưới 10 - thành công | F205: Functional | G205: High | H205: Mở Android share resolver | I205: Not Run | J205: Business rule
A206: 205 | B206: TC_ALB_019 | C206: Albums | D206: Albums05_Verify_Share_With_Limit | E206: Share RecoveredAudios (4 bài) dưới 10 - thành công | F206: Functional | G206: High | H206: Mở Android share resolver | I206: Not Run | J206: Business rule
A207: 206 | B207: TC_ALB_020 | C207: Albums | D207: Albums05_Verify_Share_With_Limit | E207: Share BrowserDownloader (5 bài) dưới 10 - thành công | F207: Functional | G207: High | H207: Mở Android share resolver | I207: Not Run | J207: Business rule
A208: 207 | B208: TC_ALB_021 | C208: Albums | D208: Albums05_Verify_Share_With_Limit | E208: Share single track trong album luôn thành công | F208: Functional | G208: Medium | H208: Mở share resolver (1 file) | I208: Not Run | J208: Business rule
A209: 208 | B209: TC_ALB_022 | C209: Albums | D209: Albums05_Verify_Share_With_Limit | E209: Cancel share intent về app | F209: Functional | G209: Medium | H209: Đóng share, trở lại app | I209: Not Run
A210: 209 | B210: TC_ALB_023 | C210: Albums | D210: Albums06_Verify_Album_Detail | E210: Play all album mini player / Play Now | F210: Functional | G210: Medium | H210: Phát toàn bộ album | I210: Not Run
A211: 210 | B211: TC_ALB_024 | C211: Albums | D211: Albums06_Verify_Album_Detail | E211: Shuffle album | F211: Functional | G211: Medium | H211: Phát ngẫu nhiên bài trong album | I211: Not Run
A212: 211 | B212: TC_ALB_025 | C212: Albums | D212: Albums06_Verify_Album_Detail | E212: Click track trong album phát qua mini player | F212: Functional | G212: Medium | H212: Phát bài, giống màn Tracks | I212: Not Run
A213: 212 | B213: TC_ALB_026 | C213: Albums | D213: Albums06_Verify_Album_Detail | E213: Album Detail 3 chấm = 4 action album-level, track 3 chấm = 7 action | F213: Functional | G213: Medium | H213: Hai loại edit sheet phân biệt đúng | I213: Not Run
...

Sheet Summary
B2: THỐNG KÊ TEST CASE THEO CHỨC NĂNG
B4: # | C4: Chức năng | D4: Tổng | E4: UI | F4: Functional | G4: Negative | H4: E2E
B5: 1 | C5: Home | D5: =COUNTIF('Test Cases'!$C$2:$C$256,$C5) -> 30 | E5: =COUNTIFS('Test Cases'!$C$2:$C$256,$C5,'Test Cases'!$F$2:$F$256,E$4) -> 9 | F5: =COUNTIFS('Test Cases'!$C$2:$C$256,$C5,'Test Cases'!$F$2:$F$256,F$4) -> 21 | G5: =COUNTIFS('Test Cases'!$C$2:$C$256,$C5,'Test Cases'!$F$2:$F$256,G$4) -> 0 | H5: =COUNTIFS('Test Cases'!$C$2:$C$256,$C5,'Test Cases'!$F$2:$F$256,H$4) -> 0
B6: 2 | C6: Search Online (Download) | D6: =COUNTIF('Test Cases'!$C$2:$C$256,$C6) -> 17 | E6: =COUNTIFS('Test Cases'!$C$2:$C$256,$C6,'Test Cases'!$F$2:$F$256,E$4) -> 1 | F6: =COUNTIFS('Test Cases'!$C$2:$C$256,$C6,'Test Cases'!$F$2:$F$256,F$4) -> 12 | G6: =COUNTIFS('Test Cases'!$C$2:$C$256,$C6,'Test Cases'!$F$2:$F$256,G$4) -> 3 | H6: =COUNTIFS('Test Cases'!$C$2:$C$256,$C6,'Test Cases'!$F$2:$F$256,H$4) -> 1
B7: 3 | C7: Menu (Drawer) | D7: =COUNTIF('Test Cases'!$C$2:$C$256,$C7) -> 26 | E7: =COUNTIFS('Test Cases'!$C$2:$C$256,$C7,'Test Cases'!$F$2:$F$256,E$4) -> 9 | F7: =COUNTIFS('Test Cases'!$C$2:$C$256,$C7,'Test Cases'!$F$2:$F$256,F$4) -> 17 | G7: =COUNTIFS('Test Cases'!$C$2:$C$256,$C7,'Test Cases'!$F$2:$F$256,G$4) -> 0 | H7: =COUNTIFS('Test Cases'!$C$2:$C$256,$C7,'Test Cases'!$F$2:$F$256,H$4) -> 0
B8: 4 | C8: Tracks | D8: =COUNTIF('Test Cases'!$C$2:$C$256,$C8) -> 67 | E8: =COUNTIFS('Test Cases'!$C$2:$C$256,$C8,'Test Cases'!$F$2:$F$256,E$4) -> 7 | F8: =COUNTIFS('Test Cases'!$C$2:$C$256,$C8,'Test Cases'!$F$2:$F$256,F$4) -> 58 | G8: =COUNTIFS('Test Cases'!$C$2:$C$256,$C8,'Test Cases'!$F$2:$F$256,G$4) -> 2 | H8: =COUNTIFS('Test Cases'!$C$2:$C$256,$C8,'Test Cases'!$F$2:$F$256,H$4) -> 0
B9: 5 | C9: Artists | D9: =COUNTIF('Test Cases'!$C$2:$C$256,$C9) -> 46 | E9: =COUNTIFS('Test Cases'!$C$2:$C$256,$C9,'Test Cases'!$F$2:$F$256,E$4) -> 18 | F9: =COUNTIFS('Test Cases'!$C$2:$C$256,$C9,'Test Cases'!$F$2:$F$256,F$4) -> 25 | G9: =COUNTIFS('Test Cases'!$C$2:$C$256,$C9,'Test Cases'!$F$2:$F$256,G$4) -> 3 | H9: =COUNTIFS('Test Cases'!$C$2:$C$256,$C9,'Test Cases'!$F$2:$F$256,H$4) -> 0
B10: 6 | C10: Albums | D10: =COUNTIF('Test Cases'!$C$2:$C$256,$C10) -> 26 | E10: =COUNTIFS('Test Cases'!$C$2:$C$256,$C10,'Test Cases'!$F$2:$F$256,E$4) -> 5 | F10: =COUNTIFS('Test Cases'!$C$2:$C$256,$C10,'Test Cases'!$F$2:$F$256,F$4) -> 19 | G10: =COUNTIFS('Test Cases'!$C$2:$C$256,$C10,'Test Cases'!$F$2:$F$256,G$4) -> 2 | H10: =COUNTIFS('Test Cases'!$C$2:$C$256,$C10,'Test Cases'!$F$2:$F$256,H$4) -> 0
B11: 7 | C11: Playlists | D11: =COUNTIF('Test Cases'!$C$2:$C$256,$C11) -> 22 | E11: =COUNTIFS('Test Cases'!$C$2:$C$256,$C11,'Test Cases'!$F$2:$F$256,E$4) -> 5 | F11: =COUNTIFS('Test Cases'!$C$2:$C$256,$C11,'Test Cases'!$F$2:$F$256,F$4) -> 15 | G11: =COUNTIFS('Test Cases'!$C$2:$C$256,$C11,'Test Cases'!$F$2:$F$256,G$4) -> 2 | H11: =COUNTIFS('Test Cases'!$C$2:$C$256,$C11,'Test Cases'!$F$2:$F$256,H$4) -> 0
B12: 8 | C12: Search In Library | D12: =COUNTIF('Test Cases'!$C$2:$C$256,$C12) -> 21 | E12: =COUNTIFS('Test Cases'!$C$2:$C$256,$C12,'Test Cases'!$F$2:$F$256,E$4) -> 1 | F12: =COUNTIFS('Test Cases'!$C$2:$C$256,$C12,'Test Cases'!$F$2:$F$256,F$4) -> 18 | G12: =COUNTIFS('Test Cases'!$C$2:$C$256,$C12,'Test Cases'!$F$2:$F$256,G$4) -> 2 | H12: =COUNTIFS('Test Cases'!$C$2:$C$256,$C12,'Test Cases'!$F$2:$F$256,H$4) -> 0
C13: TỔNG CỘNG | D13: =SUM(D5:D12) -> 255 | E13: =SUM(E5:E12) -> 55 | F13: =SUM(F5:F12) -> 185 | G13: =SUM(G5:G12) -> 14
B16: THỐNG KÊ THEO ƯU TIÊN
B17: Ưu tiên | C17: Số lượng | D17: Tỷ lệ
B18: High | C18: =COUNTIF('Test Cases'!$G$2:$G$256,$B18) -> 39 | D18: =C18/255 -> 0.15294118
B19: Medium | C19: =COUNTIF('Test Cases'!$G$2:$G$256,$B19) -> 200 | D19: =C19/255 -> 0.78431373
B20: Low | C20: =COUNTIF('Test Cases'!$G$2:$G$256,$B20) -> 16 | D20: =C20/255 -> 0.062745098
B21: TỔNG | C21: =SUM(C18:C20) -> 255 | D21: =C21/255 -> 1
